<?xml version="1.0" encoding="UTF-8"?>
<export version="D">
  <design>
    <source>D:\Picuino\Tecno-recursos\es\electric\pcb-luces-led\electric-pcb-luces-led.sch</source>
    <date>09/01/2022 14:16:04</date>
    <tool>Eeschema (5.1.12)-1</tool>
    <sheet number="1" name="/" tstamps="/">
      <title_block>
        <title>PCB CON LUCES LED</title>
        <company>www.picuino.com</company>
        <rev>R1</rev>
        <date>2022-01-03</date>
        <source>electric-pcb-luces-led.sch</source>
        <comment number="1" value="Licencia Creative Commons Attribution-ShareAlike 4.0 International"/>
        <comment number="2" value=""/>
        <comment number="3" value=""/>
        <comment number="4" value=""/>
      </title_block>
    </sheet>
  </design>
  <components>
    <comp ref="U1">
      <value>74HC14</value>
      <footprint>Package_DIP:DIP-14_W7.62mm_Socket_LongPads</footprint>
      <datasheet>http://www.ti.com/lit/gpn/sn74HC14</datasheet>
      <libsource lib="74xx" part="74HC14" description="Hex inverter schmitt trigger"/>
      <sheetpath names="/" tstamps="/"/>
      <tstamp>61D0CAE5</tstamp>
    </comp>
    <comp ref="D1">
      <value>LED</value>
      <footprint>LED_THT:LED_D5.0mm</footprint>
      <datasheet>~</datasheet>
      <libsource lib="Device" part="LED" description="Light emitting diode"/>
      <sheetpath names="/" tstamps="/"/>
      <tstamp>61D0FECC</tstamp>
    </comp>
    <comp ref="R2">
      <value>220</value>
      <footprint>Resistor_THT:R_Axial_DIN0411_L9.9mm_D3.6mm_P12.70mm_Horizontal</footprint>
      <datasheet>~</datasheet>
      <libsource lib="Device" part="R" description="Resistor"/>
      <sheetpath names="/" tstamps="/"/>
      <tstamp>61D1147D</tstamp>
    </comp>
    <comp ref="D2">
      <value>LED</value>
      <footprint>LED_THT:LED_D5.0mm</footprint>
      <datasheet>~</datasheet>
      <libsource lib="Device" part="LED" description="Light emitting diode"/>
      <sheetpath names="/" tstamps="/"/>
      <tstamp>61D12E86</tstamp>
    </comp>
    <comp ref="R1">
      <value>220</value>
      <footprint>Resistor_THT:R_Axial_DIN0411_L9.9mm_D3.6mm_P12.70mm_Horizontal</footprint>
      <datasheet>~</datasheet>
      <libsource lib="Device" part="R" description="Resistor"/>
      <sheetpath names="/" tstamps="/"/>
      <tstamp>61D12F68</tstamp>
    </comp>
    <comp ref="R3">
      <value>220K</value>
      <footprint>Resistor_THT:R_Axial_DIN0411_L9.9mm_D3.6mm_P12.70mm_Horizontal</footprint>
      <datasheet>~</datasheet>
      <libsource lib="Device" part="R" description="Resistor"/>
      <sheetpath names="/" tstamps="/"/>
      <tstamp>61D14A6F</tstamp>
    </comp>
    <comp ref="C1">
      <value>10uF</value>
      <footprint>Capacitor_THT:CP_Radial_D5.0mm_P2.00mm</footprint>
      <datasheet>~</datasheet>
      <libsource lib="Device" part="CP" description="Polarized capacitor"/>
      <sheetpath names="/" tstamps="/"/>
      <tstamp>61D15777</tstamp>
    </comp>
    <comp ref="D3">
      <value>LED</value>
      <footprint>LED_THT:LED_D5.0mm</footprint>
      <datasheet>~</datasheet>
      <libsource lib="Device" part="LED" description="Light emitting diode"/>
      <sheetpath names="/" tstamps="/"/>
      <tstamp>61D1F653</tstamp>
    </comp>
    <comp ref="R5">
      <value>220</value>
      <footprint>Resistor_THT:R_Axial_DIN0411_L9.9mm_D3.6mm_P12.70mm_Horizontal</footprint>
      <datasheet>~</datasheet>
      <libsource lib="Device" part="R" description="Resistor"/>
      <sheetpath names="/" tstamps="/"/>
      <tstamp>61D1F65D</tstamp>
    </comp>
    <comp ref="D4">
      <value>LED</value>
      <footprint>LED_THT:LED_D5.0mm</footprint>
      <datasheet>~</datasheet>
      <libsource lib="Device" part="LED" description="Light emitting diode"/>
      <sheetpath names="/" tstamps="/"/>
      <tstamp>61D1F671</tstamp>
    </comp>
    <comp ref="R4">
      <value>220</value>
      <footprint>Resistor_THT:R_Axial_DIN0411_L9.9mm_D3.6mm_P12.70mm_Horizontal</footprint>
      <datasheet>~</datasheet>
      <libsource lib="Device" part="R" description="Resistor"/>
      <sheetpath names="/" tstamps="/"/>
      <tstamp>61D1F67B</tstamp>
    </comp>
    <comp ref="R6">
      <value>330K</value>
      <footprint>Resistor_THT:R_Axial_DIN0411_L9.9mm_D3.6mm_P12.70mm_Horizontal</footprint>
      <datasheet>~</datasheet>
      <libsource lib="Device" part="R" description="Resistor"/>
      <sheetpath names="/" tstamps="/"/>
      <tstamp>61D1F690</tstamp>
    </comp>
    <comp ref="C2">
      <value>10uF</value>
      <footprint>Capacitor_THT:CP_Radial_D5.0mm_P2.00mm</footprint>
      <datasheet>~</datasheet>
      <libsource lib="Device" part="CP" description="Polarized capacitor"/>
      <sheetpath names="/" tstamps="/"/>
      <tstamp>61D1F69A</tstamp>
    </comp>
    <comp ref="D5">
      <value>LED</value>
      <footprint>LED_THT:LED_D5.0mm</footprint>
      <datasheet>~</datasheet>
      <libsource lib="Device" part="LED" description="Light emitting diode"/>
      <sheetpath names="/" tstamps="/"/>
      <tstamp>61D2A317</tstamp>
    </comp>
    <comp ref="R8">
      <value>220</value>
      <footprint>Resistor_THT:R_Axial_DIN0411_L9.9mm_D3.6mm_P12.70mm_Horizontal</footprint>
      <datasheet>~</datasheet>
      <libsource lib="Device" part="R" description="Resistor"/>
      <sheetpath names="/" tstamps="/"/>
      <tstamp>61D2A321</tstamp>
    </comp>
    <comp ref="D6">
      <value>LED</value>
      <footprint>LED_THT:LED_D5.0mm</footprint>
      <datasheet>~</datasheet>
      <libsource lib="Device" part="LED" description="Light emitting diode"/>
      <sheetpath names="/" tstamps="/"/>
      <tstamp>61D2A335</tstamp>
    </comp>
    <comp ref="R7">
      <value>220</value>
      <footprint>Resistor_THT:R_Axial_DIN0411_L9.9mm_D3.6mm_P12.70mm_Horizontal</footprint>
      <datasheet>~</datasheet>
      <libsource lib="Device" part="R" description="Resistor"/>
      <sheetpath names="/" tstamps="/"/>
      <tstamp>61D2A33F</tstamp>
    </comp>
    <comp ref="R9">
      <value>470K</value>
      <footprint>Resistor_THT:R_Axial_DIN0411_L9.9mm_D3.6mm_P12.70mm_Horizontal</footprint>
      <datasheet>~</datasheet>
      <libsource lib="Device" part="R" description="Resistor"/>
      <sheetpath names="/" tstamps="/"/>
      <tstamp>61D2A354</tstamp>
    </comp>
    <comp ref="C3">
      <value>10uF</value>
      <footprint>Capacitor_THT:CP_Radial_D5.0mm_P2.00mm</footprint>
      <datasheet>~</datasheet>
      <libsource lib="Device" part="CP" description="Polarized capacitor"/>
      <sheetpath names="/" tstamps="/"/>
      <tstamp>61D2A35E</tstamp>
    </comp>
    <comp ref="BT1">
      <value>Battery</value>
      <footprint>Connector_PinHeader_2.54mm:PinHeader_1x02_P2.54mm_Vertical</footprint>
      <datasheet>~</datasheet>
      <libsource lib="Device" part="Battery" description="Multiple-cell battery"/>
      <sheetpath names="/" tstamps="/"/>
      <tstamp>61D46D84</tstamp>
    </comp>
    <comp ref="C4">
      <value>100nF</value>
      <footprint>Capacitor_THT:C_Rect_L9.0mm_W3.2mm_P7.50mm_MKT</footprint>
      <datasheet>~</datasheet>
      <libsource lib="Device" part="C" description="Unpolarized capacitor"/>
      <sheetpath names="/" tstamps="/"/>
      <tstamp>61D515A0</tstamp>
    </comp>
    <comp ref="SW1">
      <value>SW_SPDT</value>
      <footprint>Button_Switch_THT:SW_Slide_1P2T_CK_OS102011MS2Q</footprint>
      <datasheet>~</datasheet>
      <libsource lib="Switch" part="SW_SPDT" description="Switch, single pole double throw"/>
      <sheetpath names="/" tstamps="/"/>
      <tstamp>61D899DD</tstamp>
    </comp>
  </components>
  <libparts>
    <libpart lib="74xx" part="74HC14">
      <aliases>
        <alias>74LS14</alias>
      </aliases>
      <description>Hex inverter schmitt trigger</description>
      <docs>http://www.ti.com/lit/gpn/sn74HC14</docs>
      <footprints>
        <fp>DIP*W7.62mm*</fp>
      </footprints>
      <fields>
        <field name="Reference">U</field>
        <field name="Value">74HC14</field>
      </fields>
      <pins>
        <pin num="1" name="~" type="input"/>
        <pin num="2" name="~" type="output"/>
        <pin num="3" name="~" type="input"/>
        <pin num="4" name="~" type="output"/>
        <pin num="5" name="~" type="input"/>
        <pin num="6" name="~" type="output"/>
        <pin num="7" name="GND" type="power_in"/>
        <pin num="8" name="~" type="output"/>
        <pin num="9" name="~" type="input"/>
        <pin num="10" name="~" type="output"/>
        <pin num="11" name="~" type="input"/>
        <pin num="12" name="~" type="output"/>
        <pin num="13" name="~" type="input"/>
        <pin num="14" name="VCC" type="power_in"/>
      </pins>
    </libpart>
    <libpart lib="Device" part="Battery">
      <description>Multiple-cell battery</description>
      <docs>~</docs>
      <fields>
        <field name="Reference">BT</field>
        <field name="Value">Battery</field>
      </fields>
      <pins>
        <pin num="1" name="+" type="passive"/>
        <pin num="2" name="-" type="passive"/>
      </pins>
    </libpart>
    <libpart lib="Device" part="C">
      <description>Unpolarized capacitor</description>
      <docs>~</docs>
      <footprints>
        <fp>C_*</fp>
      </footprints>
      <fields>
        <field name="Reference">C</field>
        <field name="Value">C</field>
      </fields>
      <pins>
        <pin num="1" name="~" type="passive"/>
        <pin num="2" name="~" type="passive"/>
      </pins>
    </libpart>
    <libpart lib="Device" part="CP">
      <description>Polarized capacitor</description>
      <docs>~</docs>
      <footprints>
        <fp>CP_*</fp>
      </footprints>
      <fields>
        <field name="Reference">C</field>
        <field name="Value">CP</field>
      </fields>
      <pins>
        <pin num="1" name="~" type="passive"/>
        <pin num="2" name="~" type="passive"/>
      </pins>
    </libpart>
    <libpart lib="Device" part="LED">
      <description>Light emitting diode</description>
      <docs>~</docs>
      <footprints>
        <fp>LED*</fp>
        <fp>LED_SMD:*</fp>
        <fp>LED_THT:*</fp>
      </footprints>
      <fields>
        <field name="Reference">D</field>
        <field name="Value">LED</field>
      </fields>
      <pins>
        <pin num="1" name="K" type="passive"/>
        <pin num="2" name="A" type="passive"/>
      </pins>
    </libpart>
    <libpart lib="Device" part="R">
      <description>Resistor</description>
      <docs>~</docs>
      <footprints>
        <fp>R_*</fp>
      </footprints>
      <fields>
        <field name="Reference">R</field>
        <field name="Value">R</field>
      </fields>
      <pins>
        <pin num="1" name="~" type="passive"/>
        <pin num="2" name="~" type="passive"/>
      </pins>
    </libpart>
    <libpart lib="Switch" part="SW_SPDT">
      <description>Switch, single pole double throw</description>
      <docs>~</docs>
      <fields>
        <field name="Reference">SW</field>
        <field name="Value">SW_SPDT</field>
      </fields>
      <pins>
        <pin num="1" name="A" type="passive"/>
        <pin num="2" name="B" type="passive"/>
        <pin num="3" name="C" type="passive"/>
      </pins>
    </libpart>
  </libparts>
  <libraries>
    <library logical="74xx">
      <uri>D:\Bin\KiCad5\share\kicad\library/74xx.lib</uri>
    </library>
    <library logical="Device">
      <uri>D:\Bin\KiCad5\share\kicad\library/Device.lib</uri>
    </library>
    <library logical="Switch">
      <uri>D:\Bin\KiCad5\share\kicad\library/Switch.lib</uri>
    </library>
  </libraries>
  <nets>
    <net code="1" name="Net-(C3-Pad1)">
      <node ref="U1" pin="5"/>
      <node ref="R9" pin="2"/>
      <node ref="C3" pin="1"/>
    </net>
    <net code="2" name="GND">
      <node ref="U1" pin="7"/>
      <node ref="C2" pin="2"/>
      <node ref="C4" pin="2"/>
      <node ref="C3" pin="2"/>
      <node ref="C1" pin="2"/>
      <node ref="BT1" pin="2"/>
    </net>
    <net code="3" name="Net-(D5-Pad1)">
      <node ref="R8" pin="1"/>
      <node ref="D5" pin="1"/>
    </net>
    <net code="4" name="Net-(R7-Pad2)">
      <node ref="R7" pin="2"/>
      <node ref="U1" pin="8"/>
    </net>
    <net code="5" name="Net-(R8-Pad2)">
      <node ref="R9" pin="1"/>
      <node ref="U1" pin="6"/>
      <node ref="R8" pin="2"/>
      <node ref="U1" pin="9"/>
    </net>
    <net code="6" name="Net-(D6-Pad1)">
      <node ref="D6" pin="1"/>
      <node ref="R7" pin="1"/>
    </net>
    <net code="7" name="Net-(BT1-Pad1)">
      <node ref="SW1" pin="2"/>
      <node ref="BT1" pin="1"/>
    </net>
    <net code="8" name="Net-(SW1-Pad3)">
      <node ref="SW1" pin="3"/>
    </net>
    <net code="9" name="Net-(D2-Pad1)">
      <node ref="D2" pin="1"/>
      <node ref="R1" pin="1"/>
    </net>
    <net code="10" name="+BATT">
      <node ref="D4" pin="2"/>
      <node ref="D3" pin="2"/>
      <node ref="D2" pin="2"/>
      <node ref="D1" pin="2"/>
      <node ref="U1" pin="14"/>
      <node ref="D6" pin="2"/>
      <node ref="SW1" pin="1"/>
      <node ref="C4" pin="1"/>
      <node ref="D5" pin="2"/>
    </net>
    <net code="11" name="Net-(C1-Pad1)">
      <node ref="U1" pin="1"/>
      <node ref="R3" pin="2"/>
      <node ref="C1" pin="1"/>
    </net>
    <net code="12" name="Net-(D1-Pad1)">
      <node ref="R2" pin="1"/>
      <node ref="D1" pin="1"/>
    </net>
    <net code="13" name="Net-(R1-Pad2)">
      <node ref="R1" pin="2"/>
      <node ref="U1" pin="12"/>
    </net>
    <net code="14" name="Net-(R2-Pad2)">
      <node ref="R3" pin="1"/>
      <node ref="U1" pin="2"/>
      <node ref="R2" pin="2"/>
      <node ref="U1" pin="13"/>
    </net>
    <net code="15" name="Net-(C2-Pad1)">
      <node ref="C2" pin="1"/>
      <node ref="R6" pin="2"/>
      <node ref="U1" pin="3"/>
    </net>
    <net code="16" name="Net-(D3-Pad1)">
      <node ref="D3" pin="1"/>
      <node ref="R5" pin="1"/>
    </net>
    <net code="17" name="Net-(R4-Pad2)">
      <node ref="R4" pin="2"/>
      <node ref="U1" pin="10"/>
    </net>
    <net code="18" name="Net-(R5-Pad2)">
      <node ref="U1" pin="11"/>
      <node ref="R5" pin="2"/>
      <node ref="U1" pin="4"/>
      <node ref="R6" pin="1"/>
    </net>
    <net code="19" name="Net-(D4-Pad1)">
      <node ref="D4" pin="1"/>
      <node ref="R4" pin="1"/>
    </net>
  </nets>
</export>
